/*==============================================================*/
/* DBMS name:      ORACLE Version 11g                           */
/* Created on:     8/24/2020 2:02:30 PM                         */
/*==============================================================*/

-- USER + DB DANH CHO PHAN HE 1
DROP USER DBA_BV01 CASCADE;
DROP USER XX CASCADE;

CREATE USER DBA_BV01 IDENTIFIED BY "1";
CREATE USER XX IDENTIFIED BY "1231";

GRANT ALL PRIVILEGES TO DBA_BV01, XX;
GRANT DBA TO DBA_BV01;

ALTER USER XX ACCOUNT LOCK;

CONN DBA_BV01/1;

ALTER TABLE "CHITIETDICHVUHD"
   DROP CONSTRAINT FK_CHITIETD_REFERENCE_THONGTIN;

ALTER TABLE "CHITIETDICHVUHD"
   DROP CONSTRAINT FK_CHITIETD_REFERENCE_DICHVU;

ALTER TABLE "CHITIETTHUOCHD"
   DROP CONSTRAINT FK_CHITIETT_REFERENCE_THONGTIN;

ALTER TABLE "CHITIETTHUOCHD"
   DROP CONSTRAINT FK_CHITIETT_REFERENCE_THUOC;

ALTER TABLE "CUOCHOP"
   DROP CONSTRAINT FK_CUOCHOP_REFERENCE_NHANVIEN;

ALTER TABLE LUONG
   DROP CONSTRAINT FK_LUONG_REFERENCE_NHANVIEN;

ALTER TABLE "LICHTRUC"
   DROP CONSTRAINT FK_LICHTRUC_REFERENCE_PHONG;

ALTER TABLE "LICHTRUC"
   DROP CONSTRAINT FK_LICHTRUC_REFERENCE_NHANVIEN;

ALTER TABLE THONGTINKHAMBENH
   DROP CONSTRAINT FK_THONGTIN_REFERENCE_BENHNHAN;

ALTER TABLE THONGTINKHAMBENH
   DROP CONSTRAINT FK_THONGTIN_REFERENCE_NHANVIEN;

DROP TABLE BENHNHAN CASCADE CONSTRAINTS;

DROP TABLE "CHITIETDICHVUHD" CASCADE CONSTRAINTS;

DROP TABLE "CHITIETTHUOCHD" CASCADE CONSTRAINTS;

DROP TABLE "CUOCHOP" CASCADE CONSTRAINTS;

DROP TABLE DICHVU CASCADE CONSTRAINTS;

DROP TABLE LUONG CASCADE CONSTRAINTS;

DROP TABLE "LICHTRUC" CASCADE CONSTRAINTS;

DROP TABLE NHANVIEN CASCADE CONSTRAINTS;

DROP TABLE PHONG CASCADE CONSTRAINTS;

DROP TABLE THONGTINKHAMBENH CASCADE CONSTRAINTS;

DROP TABLE THUOC CASCADE CONSTRAINTS;

/*==============================================================*/
/* Table: BENHNHAN                                              */
/*==============================================================*/
CREATE TABLE BENHNHAN 
(
   "MABENHNHAN"         INTEGER              NOT NULL,
   "TEN"                VARCHAR2(50),
   "NAMSINH"            INTEGER,
   "DIACHI"             VARCHAR2(50),
   "SODIENTHOAI"        VARCHAR2(20),
   CONSTRAINT PK_BENHNHAN PRIMARY KEY ("MABENHNHAN")
);

COMMENT ON TABLE BENHNHAN IS
'BENHNHAN';

COMMENT ON COLUMN BENHNHAN."MABENHNHAN" IS
'Mabenhnhan';

COMMENT ON COLUMN BENHNHAN."TEN" IS
'Ten';

COMMENT ON COLUMN BENHNHAN."NAMSINH" IS
'Namsinh';

COMMENT ON COLUMN BENHNHAN."DIACHI" IS
'Diachi';

COMMENT ON COLUMN BENHNHAN."SODIENTHOAI" IS
'Sodienthoai';

/*==============================================================*/
/* Table: "CHITIETDICHVUHD"                                     */
/*==============================================================*/
CREATE TABLE "CHITIETDICHVUHD" 
(
   "MACHITIETDICHVU"    INTEGER              NOT NULL,
   "MATHONGTINKHAMBENH" INTEGER,
   "MADICHVU"           INTEGER,
   "MANV"               INTEGER,
   "TENDV"              VARCHAR2(50),
   "SOLAN"              INTEGER,
   "THANHTIEN"          FLOAT,
   "PHONG"              VARCHAR2(50),
   CONSTRAINT PK_CHITIETDICHVUHD PRIMARY KEY ("MACHITIETDICHVU")
);

COMMENT ON TABLE "CHITIETDICHVUHD" IS
'CHITIETDICHVU_HD';

COMMENT ON COLUMN "CHITIETDICHVUHD"."MACHITIETDICHVU" IS
'Machitietdichvu';

COMMENT ON COLUMN "CHITIETDICHVUHD"."MATHONGTINKHAMBENH" IS
'Mathongtinkhambenh';

COMMENT ON COLUMN "CHITIETDICHVUHD"."MADICHVU" IS
'Madichvu';

COMMENT ON COLUMN "CHITIETDICHVUHD"."MANV" IS
'Manv';

COMMENT ON COLUMN "CHITIETDICHVUHD"."TENDV" IS
'Tendv';

COMMENT ON COLUMN "CHITIETDICHVUHD"."SOLAN" IS
'Solan';

COMMENT ON COLUMN "CHITIETDICHVUHD"."THANHTIEN" IS
'Thanhtien';

COMMENT ON COLUMN "CHITIETDICHVUHD"."PHONG" IS
'Phong';

/*==============================================================*/
/* Table: "CHITIETTHUOCHD"                                      */
/*==============================================================*/
CREATE TABLE "CHITIETTHUOCHD" 
(
   "MACHITIETTHUOC"     INTEGER              NOT NULL,
   "MATHONGTINKHAMBENH" INTEGER,
   "MATHUOC"            INTEGER,
   "SOLUONG"            INTEGER,
   "CACHDUNG"           VARCHAR2(50),
   "THANHTIEN"          FLOAT,
   CONSTRAINT PK_CHITIETTHUOCHD PRIMARY KEY ("MACHITIETTHUOC")
);

COMMENT ON TABLE "CHITIETTHUOCHD" IS
'CHITIETTHUOC_HD';

COMMENT ON COLUMN "CHITIETTHUOCHD"."MACHITIETTHUOC" IS
'Machitietthuoc';

COMMENT ON COLUMN "CHITIETTHUOCHD"."MATHONGTINKHAMBENH" IS
'Mathongtinkhambenh';

COMMENT ON COLUMN "CHITIETTHUOCHD"."MATHUOC" IS
'Mathuoc';

COMMENT ON COLUMN "CHITIETTHUOCHD"."SOLUONG" IS
'Soluong';

COMMENT ON COLUMN "CHITIETTHUOCHD"."CACHDUNG" IS
'Cachdung';

COMMENT ON COLUMN "CHITIETTHUOCHD"."THANHTIEN" IS
'Thanhtien';

/*==============================================================*/
/* Table: "CUOCHOP"                                             */
/*==============================================================*/
CREATE TABLE "CUOCHOP" 
(
   "MACUOCHOP"          INTEGER              NOT NULL,
   "NVCHUTRI"           INTEGER,
   "NOIDUNG"            NVARCHAR2(50),
   CONSTRAINT PK_CUOCHOP PRIMARY KEY ("MACUOCHOP")
);

COMMENT ON TABLE "CUOCHOP" IS
'CUOC HOP';

COMMENT ON COLUMN "CUOCHOP"."MACUOCHOP" IS
'Ma Cuoc Hop';

COMMENT ON COLUMN "CUOCHOP"."NVCHUTRI" IS
'Nv Chu Tri';

COMMENT ON COLUMN "CUOCHOP"."NOIDUNG" IS
'Noi Dung';

/*==============================================================*/
/* Table: DICHVU                                                */
/*==============================================================*/
CREATE TABLE DICHVU 
(
   "MADICHVU"           INTEGER              NOT NULL,
   "TENDV"              VARCHAR2(50),
   "DONGIA"             FLOAT,
   CONSTRAINT PK_DICHVU PRIMARY KEY ("MADICHVU")
);

COMMENT ON TABLE DICHVU IS
'DICHVU';

COMMENT ON COLUMN DICHVU."MADICHVU" IS
'Madichvu';

COMMENT ON COLUMN DICHVU."TENDV" IS
'Tendv';

COMMENT ON COLUMN DICHVU."DONGIA" IS
'Dongia';

/*==============================================================*/
/* Table: LUONG                                                 */
/*==============================================================*/
CREATE TABLE LUONG 
(
   "MALUONG"            INTEGER              NOT NULL,
   "MANV"               INTEGER              NOT NULL,
   "THANG"              INTEGER              NOT NULL,
   "NAM"                INTEGER              NOT NULL,
   "NGAYCONG"           INTEGER,
   "PHUCAP"             FLOAT,
   "TONGLUONG"          FLOAT,
   CONSTRAINT PK_LUONG PRIMARY KEY ("MALUONG")
);

COMMENT ON TABLE LUONG IS
'LUONG';

COMMENT ON COLUMN LUONG."MALUONG" IS
'Maluong';

COMMENT ON COLUMN LUONG."MANV" IS
'Manv';

COMMENT ON COLUMN LUONG."THANG" IS
'Thang';

COMMENT ON COLUMN LUONG."NAM" IS
'Nam';

COMMENT ON COLUMN LUONG."NGAYCONG" IS
'Ngaycong';

COMMENT ON COLUMN LUONG."PHUCAP" IS
'Phucap';

COMMENT ON COLUMN LUONG."TONGLUONG" IS
'Tongluong';

/*==============================================================*/
/* Table: "LICHTRUC"                                            */
/*==============================================================*/
CREATE TABLE "LICHTRUC" 
(
   MALICHTRUC           INTEGER              NOT NULL,
   "MAPHONG"            INTEGER,
   "MANV"               INTEGER,
   NGAY                 DATE,
   CONSTRAINT PK_LICHTRUC PRIMARY KEY (MALICHTRUC)
);

COMMENT ON TABLE "LICHTRUC" IS
'LICH TRUC';

COMMENT ON COLUMN "LICHTRUC".MALICHTRUC IS
'Malichtruc';

COMMENT ON COLUMN "LICHTRUC"."MAPHONG" IS
'Ma Phong';

COMMENT ON COLUMN "LICHTRUC"."MANV" IS
'Manv';

COMMENT ON COLUMN "LICHTRUC".NGAY IS
'Ngay';
/
/*==============================================================*/
/* Table: NHANVIEN                                              */
/*==============================================================*/
CREATE TABLE NHANVIEN 
(
   "MANV"               INTEGER              NOT NULL,
   "TENNV"              VARCHAR2(50),
   "LOAINV"             VARCHAR2(50),
   "LUONGCB"            FLOAT,
   CONSTRAINT PK_NHANVIEN PRIMARY KEY ("MANV")
);

COMMENT ON TABLE NHANVIEN IS
'NHANVIEN';

COMMENT ON COLUMN NHANVIEN."MANV" IS
'Manv';

COMMENT ON COLUMN NHANVIEN."TENNV" IS
'Tennv';

COMMENT ON COLUMN NHANVIEN."LOAINV" IS
'Loainv';

COMMENT ON COLUMN NHANVIEN."LUONGCB" IS
'Luongcb';

/*==============================================================*/
/* Table: PHONG                                                 */
/*==============================================================*/
CREATE TABLE PHONG 
(
   "MAPHONG"            INTEGER              NOT NULL,
   "TINHTRANG"          VARCHAR2(50),
   CONSTRAINT PK_PHONG PRIMARY KEY ("MAPHONG")
);

COMMENT ON TABLE PHONG IS
'PHONG';

COMMENT ON COLUMN PHONG."MAPHONG" IS
'Ma Phong';

COMMENT ON COLUMN PHONG."TINHTRANG" IS
'Tinh Trang';

/*==============================================================*/
/* Table: THONGTINKHAMBENH                                      */
/*==============================================================*/
CREATE TABLE THONGTINKHAMBENH 
(
   "MATHONGTINKHAMBENH" INTEGER              NOT NULL,
   "MABENHNHAN"         INTEGER,
   "BACSI"              INTEGER,
   "NGAYKHAM"           DATE,
   "TRIEUCHUNG"         VARCHAR2(50),
   "LOIDAN"             VARCHAR2(50),
   "PHONG"              VARCHAR2(50),
   CONSTRAINT PK_THONGTINKHAMBENH PRIMARY KEY ("MATHONGTINKHAMBENH")
);

COMMENT ON TABLE THONGTINKHAMBENH IS
'THONGTINKHAMBENH';

COMMENT ON COLUMN THONGTINKHAMBENH."MATHONGTINKHAMBENH" IS
'Mathongtinkhambenh';

COMMENT ON COLUMN THONGTINKHAMBENH."MABENHNHAN" IS
'Mabenhnhan';

COMMENT ON COLUMN THONGTINKHAMBENH."BACSI" IS
'Bacsi';

COMMENT ON COLUMN THONGTINKHAMBENH."NGAYKHAM" IS
'Ngaykham';

COMMENT ON COLUMN THONGTINKHAMBENH."TRIEUCHUNG" IS
'Trieuchung';

COMMENT ON COLUMN THONGTINKHAMBENH."LOIDAN" IS
'Loidan';

COMMENT ON COLUMN THONGTINKHAMBENH."PHONG" IS
'Phong';

/*==============================================================*/
/* Table: THUOC                                                 */
/*==============================================================*/
CREATE TABLE THUOC 
(
   "MATHUOC"            INTEGER              NOT NULL,
   "TENTHUOC"           VARCHAR2(50),
   "DONGIA"             FLOAT,
   "TONKHO"             INTEGER,
   CONSTRAINT PK_THUOC PRIMARY KEY ("MATHUOC")
);

COMMENT ON TABLE THUOC IS
'THUOC';

COMMENT ON COLUMN THUOC."MATHUOC" IS
'Mathuoc';

COMMENT ON COLUMN THUOC."TENTHUOC" IS
'Tenthuoc';

COMMENT ON COLUMN THUOC."DONGIA" IS
'Dongia';

COMMENT ON COLUMN THUOC."TONKHO" IS
'Tonkho';

ALTER TABLE "CHITIETDICHVUHD"
   ADD CONSTRAINT FK_CHITIETD_REFERENCE_THONGTIN FOREIGN KEY ("MATHONGTINKHAMBENH")
      REFERENCES THONGTINKHAMBENH ("MATHONGTINKHAMBENH");

ALTER TABLE "CHITIETDICHVUHD"
   ADD CONSTRAINT FK_CHITIETD_REFERENCE_DICHVU FOREIGN KEY ("MADICHVU")
      REFERENCES DICHVU ("MADICHVU");

ALTER TABLE "CHITIETDICHVUHD"
   ADD CONSTRAINT FK_CHITIETD_REFERENCE_NHANVIEN FOREIGN KEY ("MANV")
      REFERENCES NHANVIEN ("MANV");

ALTER TABLE "CHITIETTHUOCHD"
   ADD CONSTRAINT FK_CHITIETT_REFERENCE_THONGTIN FOREIGN KEY ("MATHONGTINKHAMBENH")
      REFERENCES THONGTINKHAMBENH ("MATHONGTINKHAMBENH");

ALTER TABLE "CHITIETTHUOCHD"
   ADD CONSTRAINT FK_CHITIETT_REFERENCE_THUOC FOREIGN KEY ("MATHUOC")
      REFERENCES THUOC ("MATHUOC");

ALTER TABLE "CUOCHOP"
   ADD CONSTRAINT FK_CUOCHOP_REFERENCE_NHANVIEN FOREIGN KEY ("NVCHUTRI")
      REFERENCES NHANVIEN ("MANV");

ALTER TABLE LUONG
   ADD CONSTRAINT FK_LUONG_REFERENCE_NHANVIEN FOREIGN KEY ("MANV")
      REFERENCES NHANVIEN ("MANV");

ALTER TABLE "LICHTRUC"
   ADD CONSTRAINT FK_LICHTRUC_REFERENCE_PHONG FOREIGN KEY ("MAPHONG")
      REFERENCES PHONG ("MAPHONG");

ALTER TABLE "LICHTRUC"
   ADD CONSTRAINT FK_LICHTRUC_REFERENCE_NHANVIEN FOREIGN KEY ("MANV")
      REFERENCES NHANVIEN ("MANV");

ALTER TABLE THONGTINKHAMBENH
   ADD CONSTRAINT FK_THONGTIN_REFERENCE_BENHNHAN FOREIGN KEY ("MABENHNHAN")
      REFERENCES BENHNHAN ("MABENHNHAN");

ALTER TABLE THONGTINKHAMBENH
   ADD CONSTRAINT FK_THONGTIN_REFERENCE_NHANVIEN FOREIGN KEY ("BACSI")
      REFERENCES NHANVIEN ("MANV");

DELETE FROM "CHITIETDICHVUHD";

DELETE FROM "CHITIETTHUOCHD";

DELETE FROM THONGTINKHAMBENH;

DELETE FROM "CUOCHOP";

DELETE FROM "LICHTRUC";

DELETE FROM PHONG;

DELETE FROM LUONG;

DELETE FROM THUOC;

DELETE FROM DICHVU;

DELETE FROM NHANVIEN;

DELETE FROM BENHNHAN;

/*==============================================================*/
/* Generate test data for the table "BENHNHAN".                 */
/*==============================================================*/
INSERT INTO BENHNHAN ("MABENHNHAN", "TEN", "NAMSINH", "DIACHI", "SODIENTHOAI") VALUES (0, 'NGUYEN VAN A', 1999, '71/22 T.D.T', '914939495');

INSERT INTO BENHNHAN ("MABENHNHAN", "TEN", "NAMSINH", "DIACHI", "SODIENTHOAI") VALUES (1, 'NGUYEN VAN B', 1993, ' 21/12 C.T.D', '992939412');

INSERT INTO BENHNHAN ("MABENHNHAN", "TEN", "NAMSINH", "DIACHI", "SODIENTHOAI") VALUES (2, 'NGUYEN VAN C', 1998, ' 51/22/3 N.V.D', '984727384');

INSERT INTO BENHNHAN ("MABENHNHAN", "TEN", "NAMSINH", "DIACHI", "SODIENTHOAI") VALUES (3, 'NGUYEN VAN D', 1995, '71/22/4 P.Q.D', '954875622');

INSERT INTO BENHNHAN ("MABENHNHAN", "TEN", "NAMSINH", "DIACHI", "SODIENTHOAI") VALUES (4, 'NGUYEN VAN E', 1997, '71/2/3/3 P.A.D', '909998273');

INSERT INTO BENHNHAN ("MABENHNHAN", "TEN", "NAMSINH", "DIACHI", "SODIENTHOAI") VALUES (5, 'NGUYEN VAN F', 1991, '71/22/2 P.V.W', '747582857');

INSERT INTO BENHNHAN ("MABENHNHAN", "TEN", "NAMSINH", "DIACHI", "SODIENTHOAI") VALUES (6, 'NGUYEN VAN G', 1994, '71/22/6 P.V.D', '919293949');

INSERT INTO BENHNHAN ("MABENHNHAN", "TEN", "NAMSINH", "DIACHI", "SODIENTHOAI") VALUES (7, 'NGUYEN VAN H', 1986, '71/22/8 P.V.V', '55521583');

INSERT INTO BENHNHAN ("MABENHNHAN", "TEN", "NAMSINH", "DIACHI", "SODIENTHOAI") VALUES (8, 'NGUYEN VAN I', 1990, '71/22/20 P.V.A', '700293485');

INSERT INTO BENHNHAN ("MABENHNHAN", "TEN", "NAMSINH", "DIACHI", "SODIENTHOAI") VALUES (9, 'NGUYEN VAN K', 1962, '71/22/6 P.V.D', '948756351');

/*==============================================================*/
/* Generate test data for the table "NHANVIEN".                 */
/*==============================================================*/
INSERT INTO NHANVIEN ("MANV", "TENNV", "LOAINV", "LUONGCB") VALUES (0, 'BUI NGOC K V', 'QUAN LY', 50000);

INSERT INTO NHANVIEN ("MANV", "TENNV", "LOAINV", "LUONGCB") VALUES (1, 'BUI NGOC A K', 'QUAN LY', 90000);

INSERT INTO NHANVIEN ("MANV", "TENNV", "LOAINV", "LUONGCB") VALUES (2, 'BUI NGOC A X', 'TAI VU', 40000);

INSERT INTO NHANVIEN ("MANV", "TENNV", "LOAINV", "LUONGCB") VALUES (3, 'BUI NGOC D K', 'KE TOAN', 60000);

INSERT INTO NHANVIEN ("MANV", "TENNV", "LOAINV", "LUONGCB") VALUES (4, 'BUI NGOC H Y', 'TIEP TAN', 80000);

INSERT INTO NHANVIEN ("MANV", "TENNV", "LOAINV", "LUONGCB") VALUES (5, 'BUI NGOC L Q', 'TIEP TAN', 7000);

INSERT INTO NHANVIEN ("MANV", "TENNV", "LOAINV", "LUONGCB") VALUES (6, 'BUI NGOC T V', 'BAC SI', 30000);

INSERT INTO NHANVIEN ("MANV", "TENNV", "LOAINV", "LUONGCB") VALUES (7, 'BUI NGOC Q A', 'BAC SI', 100000);

INSERT INTO NHANVIEN ("MANV", "TENNV", "LOAINV", "LUONGCB") VALUES (8, 'BUI NGOC Y N', 'BAN THUOC', 20000);

INSERT INTO NHANVIEN ("MANV", "TENNV", "LOAINV", "LUONGCB") VALUES (9, 'BUI NGOC P P', 'BAN THUOC', 10000);



/*==============================================================*/
/* Generate test data for the table "DICHVU".                   */
/*==============================================================*/
INSERT INTO DICHVU ("MADICHVU", "TENDV", "DONGIA") VALUES (0, 'CHUP X-QUANG', 500000);

INSERT INTO DICHVU ("MADICHVU", "TENDV", "DONGIA") VALUES (1, 'SIEU AM', 600000);

INSERT INTO DICHVU ("MADICHVU", "TENDV", "DONGIA") VALUES (2, 'KHAM SUC KHOE TONG QUAT', 40000);

INSERT INTO DICHVU ("MADICHVU", "TENDV", "DONGIA") VALUES (3, 'KHAM SUC KHOE BANG LAI XE', 30000);

INSERT INTO DICHVU ("MADICHVU", "TENDV", "DONGIA") VALUES (4, 'NOI SOI', 100000);

INSERT INTO DICHVU ("MADICHVU", "TENDV", "DONGIA") VALUES (5, 'HUT THAI', 500000);

INSERT INTO DICHVU ("MADICHVU", "TENDV", "DONGIA") VALUES (6, 'XET NGHIEM MAU', 200000);

INSERT INTO DICHVU ("MADICHVU", "TENDV", "DONGIA") VALUES (7, 'XET NGHIEM ADN', 800000);

INSERT INTO DICHVU ("MADICHVU", "TENDV", "DONGIA") VALUES (8, 'KHAM THAI', 800000);

INSERT INTO DICHVU ("MADICHVU", "TENDV", "DONGIA") VALUES (9, 'CHAM SOC DAC BIET', 600000);

/*==============================================================*/
/* Generate test data for the table "THUOC".                    */
/*==============================================================*/
INSERT INTO THUOC ("MATHUOC", "TENTHUOC", "DONGIA", "TONKHO") VALUES (0, 'Gynofar 5V', 50000, 20);

INSERT INTO THUOC ("MATHUOC", "TENTHUOC", "DONGIA", "TONKHO") VALUES (1, 'Motilium-M', 46000, 30);

INSERT INTO THUOC ("MATHUOC", "TENTHUOC", "DONGIA", "TONKHO") VALUES (2, 'Misenbo', 20000, 10);

INSERT INTO THUOC ("MATHUOC", "TENTHUOC", "DONGIA", "TONKHO") VALUES (3, 'Lucrin PDS', 25000, 40);

INSERT INTO THUOC ("MATHUOC", "TENTHUOC", "DONGIA", "TONKHO") VALUES (4, 'Mifepristone', 30000, 70);

INSERT INTO THUOC ("MATHUOC", "TENTHUOC", "DONGIA", "TONKHO") VALUES (5, 'Hapacol 250', 70000, 90);

INSERT INTO THUOC ("MATHUOC", "TENTHUOC", "DONGIA", "TONKHO") VALUES (6, 'Glucacel L', 82000, 60);

INSERT INTO THUOC ("MATHUOC", "TENTHUOC", "DONGIA", "TONKHO") VALUES (7, 'Esonix 40mg', 6000, 80);

INSERT INTO THUOC ("MATHUOC", "TENTHUOC", "DONGIA", "TONKHO") VALUES (8, 'Efferalgan', 1000, 500);

INSERT INTO THUOC ("MATHUOC", "TENTHUOC", "DONGIA", "TONKHO") VALUES (9, 'Actoramin', 30000, 10);

/*==============================================================*/
/* Generate test data for the table "LUONG".                    */
/*==============================================================*/
INSERT INTO LUONG ("MALUONG", "MANV", "THANG", "NAM", "NGAYCONG", "PHUCAP", "TONGLUONG") VALUES (0, 9, 1, 2020, 20, 70000, 300000);

INSERT INTO LUONG ("MALUONG", "MANV", "THANG", "NAM", "NGAYCONG", "PHUCAP", "TONGLUONG") VALUES (1, 8, 1, 2020, 20, 50000, 200000);

INSERT INTO LUONG ("MALUONG", "MANV", "THANG", "NAM", "NGAYCONG", "PHUCAP", "TONGLUONG") VALUES (2, 7, 1, 2020, 20, 40000, 900000);

INSERT INTO LUONG ("MALUONG", "MANV", "THANG", "NAM", "NGAYCONG", "PHUCAP", "TONGLUONG") VALUES (3, 6, 1, 2020, 20, 80000, 5000000);

INSERT INTO LUONG ("MALUONG", "MANV", "THANG", "NAM", "NGAYCONG", "PHUCAP", "TONGLUONG") VALUES (4, 5, 1, 2020, 20, 50000, 1000000);

INSERT INTO LUONG ("MALUONG", "MANV", "THANG", "NAM", "NGAYCONG", "PHUCAP", "TONGLUONG") VALUES (5, 4, 1, 2020, 29, 30000, 7000000);

INSERT INTO LUONG ("MALUONG", "MANV", "THANG", "NAM", "NGAYCONG", "PHUCAP", "TONGLUONG") VALUES (6, 3, 1, 2020, 27, 20000, 6000000);

INSERT INTO LUONG ("MALUONG", "MANV", "THANG", "NAM", "NGAYCONG", "PHUCAP", "TONGLUONG") VALUES (7, 2, 1, 2020, 25, 90000, 8000000);

INSERT INTO LUONG ("MALUONG", "MANV", "THANG", "NAM", "NGAYCONG", "PHUCAP", "TONGLUONG") VALUES (8, 1, 1, 2020, 20, 60000, 30000000);

INSERT INTO LUONG ("MALUONG", "MANV", "THANG", "NAM", "NGAYCONG", "PHUCAP", "TONGLUONG") VALUES (9, 0, 1, 2020, 15, 10000, 2400000);

/*==============================================================*/
/* Generate test data for the table "PHONG".                    */
/*==============================================================*/
INSERT INTO PHONG ("MAPHONG", "TINHTRANG") VALUES (0, 'DANG SU DUNG');

INSERT INTO PHONG ("MAPHONG", "TINHTRANG") VALUES (1, 'DANG SU DUNG');

INSERT INTO PHONG ("MAPHONG", "TINHTRANG") VALUES (2, 'DANG SU DUNG');

INSERT INTO PHONG ("MAPHONG", "TINHTRANG") VALUES (3, 'DANG SU DUNG');

INSERT INTO PHONG ("MAPHONG", "TINHTRANG") VALUES (4, 'DANG SU DUNG');

INSERT INTO PHONG ("MAPHONG", "TINHTRANG") VALUES (5, 'DANG SU DUNG');

INSERT INTO PHONG ("MAPHONG", "TINHTRANG") VALUES (6, 'DANG SU DUNG');

INSERT INTO PHONG ("MAPHONG", "TINHTRANG") VALUES (7, 'DANG SU DUNG');

INSERT INTO PHONG ("MAPHONG", "TINHTRANG") VALUES (8, 'DANG SU DUNG');

INSERT INTO PHONG ("MAPHONG", "TINHTRANG") VALUES (9, 'DANG SU DUNG');

/*==============================================================*/
/* Generate test data for the table "LICH TRUC".                */
/*==============================================================*/
ALTER SESSION SET NLS_DATE_FORMAT='YYYY-MM-DD';

INSERT INTO "LICHTRUC" (MALICHTRUC, "MAPHONG", "MANV", NGAY) VALUES (0, 5, 9, '2000-11-10');

INSERT INTO "LICHTRUC" (MALICHTRUC, "MAPHONG", "MANV", NGAY) VALUES (1, 5, 9, '2000-11-2');

INSERT INTO "LICHTRUC" (MALICHTRUC, "MAPHONG", "MANV", NGAY) VALUES (2, 0, 0, '2000-11-7');

INSERT INTO "LICHTRUC" (MALICHTRUC, "MAPHONG", "MANV", NGAY) VALUES (3, 3, 0, '2000-1-1');

INSERT INTO "LICHTRUC" (MALICHTRUC, "MAPHONG", "MANV", NGAY) VALUES (4, 7, 1, '2000-11-10');

INSERT INTO "LICHTRUC" (MALICHTRUC, "MAPHONG", "MANV", NGAY) VALUES (5, 9, 4, '2000-9-11');

INSERT INTO "LICHTRUC" (MALICHTRUC, "MAPHONG", "MANV", NGAY) VALUES (6, 8, 1, '2000-7-21');

INSERT INTO "LICHTRUC" (MALICHTRUC, "MAPHONG", "MANV", NGAY) VALUES (7, 8, 6, '2000-7-19');

INSERT INTO "LICHTRUC" (MALICHTRUC, "MAPHONG", "MANV", NGAY) VALUES (8, 5, 2, '2000-12-8');

INSERT INTO "LICHTRUC" (MALICHTRUC, "MAPHONG", "MANV", NGAY) VALUES (9, 6, 6, '2000-3-22');

/*==============================================================*/
/* Generate test data for the table "CUOC HOP".                 */
/*==============================================================*/
INSERT INTO "CUOCHOP" ("MACUOCHOP", "NVCHUTRI", "NOIDUNG") VALUES (0, 2, 'THAY DOI QUY CHE TINH LUONG');

INSERT INTO "CUOCHOP" ("MACUOCHOP", "NVCHUTRI", "NOIDUNG") VALUES (1, 6, 'THAY DOI QUY TRINH KHAM CHUA BENH');

INSERT INTO "CUOCHOP" ("MACUOCHOP", "NVCHUTRI", "NOIDUNG") VALUES (2, 6, 'HOP MAT RIENG');

INSERT INTO "CUOCHOP" ("MACUOCHOP", "NVCHUTRI", "NOIDUNG") VALUES (3, 0, 'TRIEN KHAI PHUONG PHAP KHAM CHUA BENH MOI');

INSERT INTO "CUOCHOP" ("MACUOCHOP", "NVCHUTRI", "NOIDUNG") VALUES (4, 1, 'VE SINH NOI LAM VIEC');

INSERT INTO "CUOCHOP" ("MACUOCHOP", "NVCHUTRI", "NOIDUNG") VALUES (5, 3, 'TIET KIEM DIEN');

INSERT INTO "CUOCHOP" ("MACUOCHOP", "NVCHUTRI", "NOIDUNG") VALUES (6, 4, 'VAN HANH BENH VIEN');

INSERT INTO "CUOCHOP" ("MACUOCHOP", "NVCHUTRI", "NOIDUNG") VALUES (7, 5, 'CHUYEN GIAO CONG NGHE MOI');

INSERT INTO "CUOCHOP" ("MACUOCHOP", "NVCHUTRI", "NOIDUNG") VALUES (8, 2, 'THI NGHIEM TREN DONG VAT');

INSERT INTO "CUOCHOP" ("MACUOCHOP", "NVCHUTRI", "NOIDUNG") VALUES (9, 3, 'THI NGHIEM TREN CON NGUOI');

/*==============================================================*/
/* Generate test data for the table "THONGTINKHAMBENH".         */
/*==============================================================*/
INSERT INTO THONGTINKHAMBENH ("MATHONGTINKHAMBENH", "MABENHNHAN", "BACSI", "NGAYKHAM", "TRIEUCHUNG", "LOIDAN", "PHONG") VALUES (0, 3, 7, '2000-10-31', 'DAU BUNG', 'UONG THUOC DFQAA', 'PHONG 1 - BS. A');

INSERT INTO THONGTINKHAMBENH ("MATHONGTINKHAMBENH", "MABENHNHAN", "BACSI", "NGAYKHAM", "TRIEUCHUNG", "LOIDAN", "PHONG") VALUES (3, 2, 9, '2000-1-1', 'NHUC DAU', 'LUYEN TAP NHIEU', 'PHONG 1 - BS. B');

INSERT INTO THONGTINKHAMBENH ("MATHONGTINKHAMBENH", "MABENHNHAN", "BACSI", "NGAYKHAM", "TRIEUCHUNG", "LOIDAN", "PHONG") VALUES (1, 8, 6, '2000-8-28', 'CHONG MAT', 'HAN CHE DI LAI', 'PHONG 2 - BS. A');

INSERT INTO THONGTINKHAMBENH ("MATHONGTINKHAMBENH", "MABENHNHAN", "BACSI", "NGAYKHAM", "TRIEUCHUNG", "LOIDAN", "PHONG") VALUES (8, 2, 9, '2000-2-12', 'BUON NON', 'UONG NHIEU NUOC', 'PHONG 2 - BS. B');

INSERT INTO THONGTINKHAMBENH ("MATHONGTINKHAMBENH", "MABENHNHAN", "BACSI", "NGAYKHAM", "TRIEUCHUNG", "LOIDAN", "PHONG") VALUES (4, 1, 3, '2000-8-31', 'NGU KHONG NGON', 'HAN CHE UONG RUOU BIA', 'PHONG 3 - BS. A');

INSERT INTO THONGTINKHAMBENH ("MATHONGTINKHAMBENH", "MABENHNHAN", "BACSI", "NGAYKHAM", "TRIEUCHUNG", "LOIDAN", "PHONG") VALUES (9, 7, 0, '2000-1-7', 'GAY XUONG', 'HAN CHE DI LAI', 'PHONG 3 - BS. B');

INSERT INTO THONGTINKHAMBENH ("MATHONGTINKHAMBENH", "MABENHNHAN", "BACSI", "NGAYKHAM", "TRIEUCHUNG", "LOIDAN", "PHONG") VALUES (2, 2, 0, '2000-3-14', 'GAY RANG', 'KHONG AN THUC AN QUA CUNG', ' PHONG 4 - BS. A');

INSERT INTO THONGTINKHAMBENH ("MATHONGTINKHAMBENH", "MABENHNHAN", "BACSI", "NGAYKHAM", "TRIEUCHUNG", "LOIDAN", "PHONG") VALUES (7, 2, 2, '2000-12-25', 'MAT NGU', 'LUYEN TAP THE THAO DIEU DO', 'PHONG 5 - BS. A');

INSERT INTO THONGTINKHAMBENH ("MATHONGTINKHAMBENH", "MABENHNHAN", "BACSI", "NGAYKHAM", "TRIEUCHUNG", "LOIDAN", "PHONG") VALUES (6, 9, 9, '2000-4-19', 'TE CHAN TAY', 'VAN DONG NHIEU', 'PHONG 6 - BS. B');

INSERT INTO THONGTINKHAMBENH ("MATHONGTINKHAMBENH", "MABENHNHAN", "BACSI", "NGAYKHAM", "TRIEUCHUNG", "LOIDAN", "PHONG") VALUES (5, 5, 9, '2000-4-23', 'DAU BUNG AM I', 'HAN CHE AN DAU MO', 'PHONG 7 - BS. C');

/*==============================================================*/
/* Generate test data for the table "CHITIETTHUOC_HD".          */
/*==============================================================*/
INSERT INTO "CHITIETTHUOCHD" ("MACHITIETTHUOC", "MATHONGTINKHAMBENH", "MATHUOC", "SOLUONG", "CACHDUNG", "THANHTIEN") VALUES (0, 6, 9, 6, 'NGAY 5 LAN, MOI LAN 1 VIEN', 60000);

INSERT INTO "CHITIETTHUOCHD" ("MACHITIETTHUOC", "MATHONGTINKHAMBENH", "MATHUOC", "SOLUONG", "CACHDUNG", "THANHTIEN") VALUES (3, 3, 3, 7, 'NGAY 5 LAN, MOI LAN 1 VIEN', 40000);

INSERT INTO "CHITIETTHUOCHD" ("MACHITIETTHUOC", "MATHONGTINKHAMBENH", "MATHUOC", "SOLUONG", "CACHDUNG", "THANHTIEN") VALUES (8, 3, 3, 4, 'NGAY 5 LAN, MOI LAN 1 VIEN', 50000);

INSERT INTO "CHITIETTHUOCHD" ("MACHITIETTHUOC", "MATHONGTINKHAMBENH", "MATHUOC", "SOLUONG", "CACHDUNG", "THANHTIEN") VALUES (2, 9, 9, 9, 'NGAY 5 LAN, MOI LAN 1 VIEN', 70000);

INSERT INTO "CHITIETTHUOCHD" ("MACHITIETTHUOC", "MATHONGTINKHAMBENH", "MATHUOC", "SOLUONG", "CACHDUNG", "THANHTIEN") VALUES (6, 0, 2, 0, 'NGAY 5 LAN, MOI LAN 1 VIEN', 90000);

INSERT INTO "CHITIETTHUOCHD" ("MACHITIETTHUOC", "MATHONGTINKHAMBENH", "MATHUOC", "SOLUONG", "CACHDUNG", "THANHTIEN") VALUES (1, 0, 0, 3, 'NGAY 5 LAN, MOI LAN 1 VIEN', 30000);

INSERT INTO "CHITIETTHUOCHD" ("MACHITIETTHUOC", "MATHONGTINKHAMBENH", "MATHUOC", "SOLUONG", "CACHDUNG", "THANHTIEN") VALUES (5, 7, 9, 5, 'NGAY 5 LAN, MOI LAN 1 VIEN', 20000);

INSERT INTO "CHITIETTHUOCHD" ("MACHITIETTHUOC", "MATHONGTINKHAMBENH", "MATHUOC", "SOLUONG", "CACHDUNG", "THANHTIEN") VALUES (9, 9, 4, 2, 'NGAY 5 LAN, MOI LAN 1 VIEN', 90000);

INSERT INTO "CHITIETTHUOCHD" ("MACHITIETTHUOC", "MATHONGTINKHAMBENH", "MATHUOC", "SOLUONG", "CACHDUNG", "THANHTIEN") VALUES (7, 0, 6, 8, 'NGAY 5 LAN, MOI LAN 1 VIEN', 80000);

INSERT INTO "CHITIETTHUOCHD" ("MACHITIETTHUOC", "MATHONGTINKHAMBENH", "MATHUOC", "SOLUONG", "CACHDUNG", "THANHTIEN") VALUES (4, 1, 1, 1, 'NGAY 5 LAN, MOI LAN 1 VIEN', 10000);

/*==============================================================*/
/* Generate test data for the table "CHITIETDICHVU_HD".         */
/*==============================================================*/
INSERT INTO "CHITIETDICHVUHD" ("MACHITIETDICHVU", "MATHONGTINKHAMBENH", "MADICHVU", "MANV", "TENDV", "SOLAN", "THANHTIEN", "PHONG") VALUES (3, 3, 6, 7, '5TD4LL40VM', 5, 900000, 'PHONG 1 - BS. A');

INSERT INTO "CHITIETDICHVUHD" ("MACHITIETDICHVU", "MATHONGTINKHAMBENH", "MADICHVU", "MANV", "TENDV", "SOLAN", "THANHTIEN", "PHONG") VALUES (4, 0, 4, 0, 'IG6225IB5L', 8, 89000000, 'PHONG 2 - BS. A');

INSERT INTO "CHITIETDICHVUHD" ("MACHITIETDICHVU", "MATHONGTINKHAMBENH", "MADICHVU", "MANV", "TENDV", "SOLAN", "THANHTIEN", "PHONG") VALUES (9, 1, 0, 4, 'F0D FNO1TQ', 6, 30000000, 'PHONG 3 - BS. A');

INSERT INTO "CHITIETDICHVUHD" ("MACHITIETDICHVU", "MATHONGTINKHAMBENH", "MADICHVU", "MANV", "TENDV", "SOLAN", "THANHTIEN", "PHONG") VALUES (6, 0, 7, 7, 'WBNCGG7LR5', 7, 89000000, 'PHONG 1 - BS. A');

INSERT INTO "CHITIETDICHVUHD" ("MACHITIETDICHVU", "MATHONGTINKHAMBENH", "MADICHVU", "MANV", "TENDV", "SOLAN", "THANHTIEN", "PHONG") VALUES (7, 6, 0, 2, '79SXJR9VFN', 3, 35200000, 'PHONG 2 - BS. A');

INSERT INTO "CHITIETDICHVUHD" ("MACHITIETDICHVU", "MATHONGTINKHAMBENH", "MADICHVU", "MANV", "TENDV", "SOLAN", "THANHTIEN", "PHONG") VALUES (1, 4, 3, 5, 'KOB3SO3WUQ', 4, 520000, 'PHONG 1 - BS. B');

INSERT INTO "CHITIETDICHVUHD" ("MACHITIETDICHVU", "MATHONGTINKHAMBENH", "MADICHVU", "MANV", "TENDV", "SOLAN", "THANHTIEN", "PHONG") VALUES (8, 9, 0, 9, 'G1GU5EQVMV', 9, 6000000, 'PHONG 2 - BS. A');

INSERT INTO "CHITIETDICHVUHD" ("MACHITIETDICHVU", "MATHONGTINKHAMBENH", "MADICHVU", "MANV", "TENDV", "SOLAN", "THANHTIEN", "PHONG") VALUES (2, 8, 7, 0, ' HJ5D1X4T6', 1, 2700000, 'PHONG 1 - BS. A');

INSERT INTO "CHITIETDICHVUHD" ("MACHITIETDICHVU", "MATHONGTINKHAMBENH", "MADICHVU", "MANV", "TENDV", "SOLAN", "THANHTIEN", "PHONG") VALUES (5, 9, 0, 3, 'V87DN0W86X', 2, 400000, 'PHONG 2 - BS. A');

INSERT INTO "CHITIETDICHVUHD" ("MACHITIETDICHVU", "MATHONGTINKHAMBENH", "MADICHVU", "MANV", "TENDV", "SOLAN", "THANHTIEN", "PHONG") VALUES (0, 8, 8, 9, '2 P6NESFAG', 0, 100000, 'PHONG 4 - BS. B');

